{
  "argv": "run_vqnet.py --overwrite -M hea_amp --name hea_amp",
  "args": {
    "batch_size": 32,
    "epochs": 40,
    "model": "hea_amp",
    "wires": null,
    "depth": null,
    "amp_enc_rots": null,
    "hea_rots": null,
    "hea_entgl": null,
    "hea_entgl_rule": null,
    "optim": "SGD",
    "lr": 0.1,
    "sgd_momentum": 0.9,
    "sgd_nesterov": false,
    "seed": 114514,
    "name": "hea_amp",
    "overwrite": true,
    "n_qubits": null
  },
  "interrupted": false,
  "data": {
    "X.shape": [
      790,
      16
    ],
    "Y.shape": [
      790
    ]
  },
  "model": {
    "param_cnt": 32
  },
  "metrics": {
    "loss": [
      0.5774458050727844,
      0.6222027540206909,
      0.6175272464752197,
      0.6195706725120544,
      0.5070503354072571,
      0.600147008895874,
      0.5621618032455444,
      0.5704560279846191,
      0.5474586486816406,
      0.5251592993736267,
      0.5808103084564209,
      0.5845105051994324,
      0.5328449010848999,
      0.5020737051963806,
      0.5560975074768066,
      0.5159827470779419,
      0.5329261422157288,
      0.5239724516868591,
      0.5637548565864563,
      0.6100703477859497,
      0.5695480704307556,
      0.5835314393043518,
      0.5674378871917725,
      0.5053783655166626,
      0.5832134485244751,
      0.5690277218818665,
      0.5480892658233643,
      0.576465368270874,
      0.5119689106941223,
      0.5451309680938721,
      0.6107861995697021,
      0.5360068678855896,
      0.5453121066093445,
      0.6071912050247192,
      0.5194275379180908,
      0.5101282000541687,
      0.53392094373703,
      0.5446406006813049,
      0.546824038028717,
      0.521960973739624,
      0.5771750807762146,
      0.5456958413124084,
      0.5108551383018494,
      0.5486471056938171,
      0.581324577331543,
      0.5804440379142761,
      0.5332179665565491,
      0.5784257054328918,
      0.5833566188812256,
      0.5635138154029846,
      0.5796225666999817,
      0.5791017413139343,
      0.5543093085289001,
      0.5177507996559143,
      0.5789632797241211,
      0.5740472674369812,
      0.5288183689117432,
      0.5177445411682129,
      0.5537437796592712,
      0.5216693878173828,
      0.5466631650924683,
      0.5664039254188538,
      0.5762900114059448,
      0.5639515519142151,
      0.5805618762969971,
      0.5781508088111877,
      0.5378763675689697,
      0.5380655527114868,
      0.5672931671142578,
      0.5450057983398438,
      0.5367087125778198,
      0.5896749496459961,
      0.5302310585975647,
      0.5653855204582214,
      0.5637074112892151,
      0.5895395278930664,
      0.535271406173706,
      0.555774986743927,
      0.5775930881500244,
      0.5701031684875488,
      0.5809982419013977,
      0.5475897789001465,
      0.5785182118415833,
      0.5790016055107117,
      0.5082249045372009,
      0.5821125507354736,
      0.4972710609436035,
      0.5468248724937439,
      0.5629023909568787,
      0.5059747099876404,
      0.5307021141052246,
      0.5973480939865112,
      0.5435088276863098,
      0.6091185808181763,
      0.5706131458282471,
      0.581683337688446,
      0.5689752101898193,
      0.5363101959228516,
      0.5050773620605469,
      0.5795561075210571
    ],
    "acc": [
      0.7468354430379747,
      0.7708860759493671,
      0.7810126582278482,
      0.7974683544303798,
      0.8,
      0.789873417721519,
      0.7911392405063291,
      0.789873417721519,
      0.7936708860759494,
      0.7911392405063291,
      0.7924050632911392,
      0.7886075949367088,
      0.7936708860759494,
      0.789873417721519,
      0.7873417721518987,
      0.7860759493670886,
      0.7924050632911392,
      0.789873417721519,
      0.789873417721519,
      0.7924050632911392,
      0.7886075949367088,
      0.7886075949367088,
      0.7835443037974683,
      0.7924050632911392,
      0.7924050632911392,
      0.7860759493670886,
      0.7936708860759494,
      0.7936708860759494,
      0.7911392405063291,
      0.7936708860759494,
      0.7860759493670886,
      0.7924050632911392,
      0.7911392405063291,
      0.7886075949367088,
      0.7873417721518987,
      0.7848101265822784,
      0.789873417721519,
      0.7924050632911392,
      0.7873417721518987,
      0.7860759493670886
    ]
  },
  "libs": {
    "numpy": "1.24.4",
    "pandas": "2.0.3",
    "pyvqnet": "v2.0.8"
  }
}