{
  "argv": "run_vqnet.py --overwrite -M ccqc --name ccqc",
  "args": {
    "batch_size": 32,
    "epochs": 40,
    "model": "ccqc",
    "wires": null,
    "depth": null,
    "amp_enc_rots": null,
    "hea_rots": null,
    "hea_entgl": null,
    "hea_entgl_rule": null,
    "optim": "SGD",
    "lr": 0.1,
    "sgd_momentum": 0.9,
    "sgd_nesterov": false,
    "seed": 114514,
    "name": "ccqc",
    "overwrite": true,
    "n_qubits": null
  },
  "interrupted": false,
  "data": {
    "X.shape": [
      790,
      16
    ],
    "Y.shape": [
      790
    ]
  },
  "model": {
    "param_cnt": 52
  },
  "metrics": {
    "loss": [
      0.18198999762535095,
      0.25053930282592773,
      0.23077936470508575,
      0.1776285618543625,
      0.16276061534881592,
      0.19120846688747406,
      0.16313965618610382,
      0.16894464194774628,
      0.1626991629600525,
      0.1418488621711731,
      0.21161210536956787,
      0.15612582862377167,
      0.14741133153438568,
      0.1011415645480156,
      0.16518168151378632,
      0.15454153716564178,
      0.15895363688468933,
      0.13993558287620544,
      0.1694141924381256,
      0.22824077308177948,
      0.1738918125629425,
      0.20674832165241241,
      0.16787028312683105,
      0.10920488834381104,
      0.17872579395771027,
      0.15597277879714966,
      0.15161782503128052,
      0.17015641927719116,
      0.11577989161014557,
      0.16127406060695648,
      0.23740965127944946,
      0.14679226279258728,
      0.15813419222831726,
      0.2249564677476883,
      0.12681818008422852,
      0.11099430173635483,
      0.14423902332782745,
      0.15799003839492798,
      0.14122669398784637,
      0.1392921805381775,
      0.16233466565608978,
      0.14029093086719513,
      0.12066370248794556,
      0.16727577149868011,
      0.17262104153633118,
      0.1649007350206375,
      0.14771315455436707,
      0.16605210304260254,
      0.18763132393360138,
      0.17194873094558716,
      0.1646731197834015,
      0.169242262840271,
      0.15144717693328857,
      0.13324755430221558,
      0.16908837854862213,
      0.168902188539505,
      0.1679004579782486,
      0.13193146884441376,
      0.15422172844409943,
      0.11936774849891663,
      0.1484982669353485,
      0.1673821210861206,
      0.16979482769966125,
      0.15786029398441315,
      0.17744222283363342,
      0.17225776612758636,
      0.13361428678035736,
      0.13635803759098053,
      0.168430358171463,
      0.14272570610046387,
      0.14628605544567108,
      0.18185955286026,
      0.15788701176643372,
      0.175433948636055,
      0.16787312924861908,
      0.18002183735370636,
      0.16588692367076874,
      0.157893568277359,
      0.17159657180309296,
      0.17169605195522308,
      0.16857552528381348,
      0.14274948835372925,
      0.1742328554391861,
      0.1727733314037323,
      0.11086665093898773,
      0.1688452810049057,
      0.10422457754611969,
      0.15220248699188232,
      0.1693722903728485,
      0.10834100842475891,
      0.15371975302696228,
      0.18036340177059174,
      0.15054400265216827,
      0.21575698256492615,
      0.16731560230255127,
      0.17271234095096588,
      0.16896933317184448,
      0.15188905596733093,
      0.11070004105567932,
      0.16700515151023865
    ],
    "acc": [
      0.7354430379746836,
      0.7354430379746836,
      0.7544303797468355,
      0.7481012658227848,
      0.7582278481012659,
      0.760759493670886,
      0.7506329113924051,
      0.7721518987341772,
      0.7658227848101266,
      0.7759493670886076,
      0.7746835443037975,
      0.7658227848101266,
      0.7784810126582279,
      0.7734177215189874,
      0.7772151898734178,
      0.7822784810126582,
      0.7708860759493671,
      0.7860759493670886,
      0.7860759493670886,
      0.7886075949367088,
      0.7848101265822784,
      0.7835443037974683,
      0.7848101265822784,
      0.7924050632911392,
      0.7759493670886076,
      0.7873417721518987,
      0.7835443037974683,
      0.7848101265822784,
      0.7835443037974683,
      0.789873417721519,
      0.7658227848101266,
      0.7835443037974683,
      0.7936708860759494,
      0.7962025316455696,
      0.7873417721518987,
      0.7974683544303798,
      0.7873417721518987,
      0.7810126582278482,
      0.7873417721518987,
      0.7949367088607595
    ]
  },
  "libs": {
    "numpy": "1.24.4",
    "pandas": "2.0.3",
    "pyvqnet": "v2.0.8"
  }
}