{
  "argv": "run_vqnet.py --overwrite -M wheelq --name wheelq",
  "args": {
    "batch_size": 32,
    "epochs": 40,
    "model": "wheelq",
    "wires": null,
    "depth": null,
    "amp_enc_rots": null,
    "hea_rots": null,
    "hea_entgl": null,
    "hea_entgl_rule": null,
    "optim": "SGD",
    "lr": 0.1,
    "sgd_momentum": 0.9,
    "sgd_nesterov": false,
    "seed": 114514,
    "name": "wheelq",
    "overwrite": true,
    "n_qubits": null
  },
  "interrupted": false,
  "data": {
    "X.shape": [
      790,
      16
    ],
    "Y.shape": [
      790
    ]
  },
  "model": {
    "param_cnt": 32
  },
  "metrics": {
    "loss": [
      0.21955648064613342,
      0.2708825469017029,
      0.26787838339805603,
      0.25749996304512024,
      0.2262018769979477,
      0.2271290421485901,
      0.2111535221338272,
      0.21161581575870514,
      0.2173931896686554,
      0.23639525473117828,
      0.233843594789505,
      0.2198994755744934,
      0.20854641497135162,
      0.18868982791900635,
      0.1855229288339615,
      0.17592647671699524,
      0.20241855084896088,
      0.19632767140865326,
      0.21229612827301025,
      0.23433266580104828,
      0.19444666802883148,
      0.21824240684509277,
      0.19060832262039185,
      0.1509162038564682,
      0.2090907245874405,
      0.18859083950519562,
      0.1709364354610443,
      0.18944582343101501,
      0.14837858080863953,
      0.15301023423671722,
      0.21708102524280548,
      0.1615787297487259,
      0.20657607913017273,
      0.21470656991004944,
      0.16760647296905518,
      0.13493004441261292,
      0.15396443009376526,
      0.19824013113975525,
      0.15029586851596832,
      0.1640710085630417,
      0.18848736584186554,
      0.14672794938087463,
      0.1261233240365982,
      0.1813977211713791,
      0.17580536007881165,
      0.19404734671115875,
      0.14962655305862427,
      0.19217215478420258,
      0.22334575653076172,
      0.1941583901643753,
      0.19152215123176575,
      0.17190176248550415,
      0.17026928067207336,
      0.14406055212020874,
      0.1758778840303421,
      0.17408624291419983,
      0.1504242718219757,
      0.14455510675907135,
      0.17053097486495972,
      0.1437189131975174,
      0.16982199251651764,
      0.19651757180690765,
      0.16166506707668304,
      0.20665526390075684,
      0.1757688969373703,
      0.17365148663520813,
      0.1444026529788971,
      0.14649073779582977,
      0.17264561355113983,
      0.15560908615589142,
      0.14753195643424988,
      0.23612427711486816,
      0.14755317568778992,
      0.1727280467748642,
      0.19313494861125946,
      0.22146029770374298,
      0.16508571803569794,
      0.17385010421276093,
      0.1658371090888977,
      0.1659426987171173,
      0.1808931529521942,
      0.16533535718917847,
      0.18238568305969238,
      0.16282929480075836,
      0.11253781616687775,
      0.1754312515258789,
      0.12176323682069778,
      0.16673803329467773,
      0.19239671528339386,
      0.13077722489833832,
      0.16517925262451172,
      0.22237949073314667,
      0.16290953755378723,
      0.20095092058181763,
      0.17817914485931396,
      0.1819915771484375,
      0.1806628406047821,
      0.14821532368659973,
      0.10954640805721283,
      0.17467641830444336
    ],
    "acc": [
      0.6012658227848101,
      0.6,
      0.6443037974683544,
      0.6860759493670886,
      0.6974683544303798,
      0.7126582278481013,
      0.7177215189873418,
      0.7215189873417721,
      0.7253164556962025,
      0.7291139240506329,
      0.7291139240506329,
      0.7354430379746836,
      0.7379746835443038,
      0.740506329113924,
      0.7531645569620253,
      0.740506329113924,
      0.760759493670886,
      0.759493670886076,
      0.7582278481012659,
      0.7708860759493671,
      0.7683544303797468,
      0.7784810126582279,
      0.769620253164557,
      0.7848101265822784,
      0.7835443037974683,
      0.7772151898734178,
      0.769620253164557,
      0.7708860759493671,
      0.7759493670886076,
      0.7759493670886076,
      0.7734177215189874,
      0.7784810126582279,
      0.7772151898734178,
      0.7759493670886076,
      0.7734177215189874,
      0.7683544303797468,
      0.7670886075949367,
      0.769620253164557,
      0.7746835443037975,
      0.7734177215189874
    ]
  },
  "libs": {
    "numpy": "1.24.4",
    "pandas": "2.0.3",
    "pyvqnet": "v2.0.8"
  }
}