{
  "argv": "run_vqnet.py --overwrite -M ccqcq --name ccqcq",
  "args": {
    "batch_size": 32,
    "epochs": 40,
    "model": "ccqcq",
    "wires": null,
    "depth": null,
    "amp_enc_rots": null,
    "hea_rots": null,
    "hea_entgl": null,
    "hea_entgl_rule": null,
    "optim": "SGD",
    "lr": 0.1,
    "sgd_momentum": 0.9,
    "sgd_nesterov": false,
    "seed": 114514,
    "name": "ccqcq",
    "overwrite": true,
    "n_qubits": null
  },
  "interrupted": false,
  "data": {
    "X.shape": [
      790,
      16
    ],
    "Y.shape": [
      790
    ]
  },
  "model": {
    "param_cnt": 52
  },
  "metrics": {
    "loss": [
      0.2624076008796692,
      0.42908912897109985,
      0.36303654313087463,
      0.20022007822990417,
      0.16231755912303925,
      0.20827317237854004,
      0.13763585686683655,
      0.1751270890235901,
      0.1658167690038681,
      0.12603367865085602,
      0.21527604758739471,
      0.14316746592521667,
      0.13282029330730438,
      0.0904533714056015,
      0.15110288560390472,
      0.15521389245986938,
      0.13383109867572784,
      0.12156219780445099,
      0.1635168492794037,
      0.2294890433549881,
      0.16682758927345276,
      0.18555212020874023,
      0.15948808193206787,
      0.09704479575157166,
      0.17438246309757233,
      0.16757677495479584,
      0.1401149183511734,
      0.16428649425506592,
      0.10411141067743301,
      0.153595432639122,
      0.23820745944976807,
      0.13821163773536682,
      0.14718163013458252,
      0.23095574975013733,
      0.11370186507701874,
      0.09672566503286362,
      0.1343516856431961,
      0.15029224753379822,
      0.14862075448036194,
      0.12861309945583344,
      0.14968863129615784,
      0.14416837692260742,
      0.09607512503862381,
      0.14205677807331085,
      0.17527556419372559,
      0.1543695628643036,
      0.13246744871139526,
      0.1636057049036026,
      0.1649017482995987,
      0.15634220838546753,
      0.15884117782115936,
      0.16333739459514618,
      0.1342696100473404,
      0.1266769915819168,
      0.1611359417438507,
      0.1580168455839157,
      0.14203327894210815,
      0.11875934898853302,
      0.13173410296440125,
      0.10907962173223495,
      0.1396540254354477,
      0.16087886691093445,
      0.16028177738189697,
      0.1618974208831787,
      0.15481488406658173,
      0.15989024937152863,
      0.13076373934745789,
      0.13351202011108398,
      0.1651981920003891,
      0.14263884723186493,
      0.13487695157527924,
      0.17101344466209412,
      0.14169412851333618,
      0.15931539237499237,
      0.15493492782115936,
      0.16477711498737335,
      0.14678996801376343,
      0.13614046573638916,
      0.16137228906154633,
      0.1648489236831665,
      0.16885364055633545,
      0.1474403291940689,
      0.163049578666687,
      0.16339580714702606,
      0.09493546932935715,
      0.17075221240520477,
      0.10393565893173218,
      0.14653965830802917,
      0.155670627951622,
      0.1049967035651207,
      0.1468842774629593,
      0.16671904921531677,
      0.13878409564495087,
      0.22488217055797577,
      0.16145916283130646,
      0.15346261858940125,
      0.1657741218805313,
      0.13646338880062103,
      0.09517231583595276,
      0.15659648180007935
    ],
    "acc": [
      0.6126582278481013,
      0.7215189873417721,
      0.7443037974683544,
      0.7544303797468355,
      0.7658227848101266,
      0.769620253164557,
      0.7734177215189874,
      0.7822784810126582,
      0.7873417721518987,
      0.789873417721519,
      0.7708860759493671,
      0.7772151898734178,
      0.7658227848101266,
      0.789873417721519,
      0.789873417721519,
      0.7911392405063291,
      0.7911392405063291,
      0.7949367088607595,
      0.7987341772151899,
      0.7784810126582279,
      0.789873417721519,
      0.7835443037974683,
      0.7949367088607595,
      0.7873417721518987,
      0.7924050632911392,
      0.7962025316455696,
      0.8025316455696202,
      0.7962025316455696,
      0.8050632911392405,
      0.7911392405063291,
      0.8075949367088607,
      0.8088607594936709,
      0.7987341772151899,
      0.7987341772151899,
      0.8075949367088607,
      0.8050632911392405,
      0.8025316455696202,
      0.8113924050632911,
      0.8075949367088607,
      0.8025316455696202
    ]
  },
  "libs": {
    "numpy": "1.24.4",
    "pandas": "2.0.3",
    "pyvqnet": "v2.0.8"
  }
}